,,,,,,
Epistasis,SNP genotypes,,RA,Normal,OR,P
rs4947332 & rs9275376,rs4947332, rs9275376,,,,
,CC,GG,885,1119,1 (reference),
,CT+TT,GG,2,9,0.38(0.1-1.38),0.164
,CC,GT+TT,652,427,1.93(1.66-2.24),6.59E-18
,CT+TT,GT+TT,68,25,3.35(2.12-5.31),6.70E-08
rs4947332 & rs5997893,rs4947332,rs5997893,,,,
,CC,GG,330,392,1 (reference),
,CT+TT,GG,9,9,1.19(0.49-2.89),0.821040435
,CC,GT+TT,1207,1154,1.24(1.05-1.47),0.012171808
,CT+TT,GT+TT,61,25,2.83(1.75-4.58),1.36E-05
rs7752903 & rs2967897,rs7752903,rs2967897,,,,
,TT,CC,953,1050,1 (reference),
,TG+GG,CC,148,93,1.75(1.33-2.29),5.76E-05
,TT,CT+TT,455,395,1.27(1.08-1.49),0.003700168
,TG+GG,CT+TT,51,42,1.33(0.88-2.01),0.207054964
